s.no.,objective,test_rmse
9,-90889.0665385,1.11164993644
3,-90918.1635617,1.11075161509
10,-90928.7269259,1.10798329124
1,-91044.9253962,1.09487420024
5,-91065.4394062,1.13924095042
2,-91082.0559302,1.13437845438
6,-91163.6520528,1.15053908169
8,-91204.6755908,1.09554172036
7,-91256.3488927,1.10658651886
4,-91424.8878561,1.1266037817
